gender,math_score,reading_score,writing_score
female,1.9626371821041024,1.8566153134757104,1.8591989933355184
male,1.9349307568664842,1.9691224612946734,1.9888505834758894
